mean_speed,std_speed,max_speed,std_acceleration,motion_irregularity
0.17559270474919347,0.1215357997644596,0.7854427414295644,0.144374807941341,0.14465756458254245
